conceptType,conceptUri,skillType,reuseLevel,preferredLabel,status,altLabels,description,broaderConceptUri,broaderConceptPT
KnowledgeSkillCompetence,http://data.europa.eu/esco/skill/001115fb-569f-4ee6-8381-c6807ef2527f,skill/competence,transversal,prokazovat iniciativu,released,,"Být proaktivní a činit první kroky bez čekání na to, co řeknou nebo učiní ostatní.
  ",http://data.europa.eu/esco/skill/91860993-1a8b-4473-91f3-600aa1924bd0,zaujmout proaktivní přístup
KnowledgeSkillCompetence,http://data.europa.eu/esco/skill/0171653e-c8e9-4c24-bb86-a4b6fe038f25,skill/competence,transversal,usilovat o podporu biologické rozmanitosti a dobrých životních podmínek zvířat,released,,"Jednat způsobem, který pomáhá udržovat stabilní ekosystémy a bojuje proti vymírání druhů, například uvědomělou volbou stravy, která podporuje výrobu biopotravin a dobré životní podmínky zvířat.
  ",http://data.europa.eu/esco/skill/80cf002a-6586-4db7-9c9a-88325a9a5e1b,uplatňování dovedností a schopností souvisejících s životním prostředím
KnowledgeSkillCompetence,http://data.europa.eu/esco/skill/045f71e6-0699-4169-8a54-9c6b96f3174d,skill/competence,transversal,radit ostatním,released,,"Nabízet návrhy týkající se nejlepšího doporučeného postupu.
  ",http://data.europa.eu/esco/skill/82463bb1-85d1-4e99-a4ce-08508fc3b2a3,podpora ostatních
KnowledgeSkillCompetence,http://data.europa.eu/esco/skill/05aa7c09-46e7-433f-a81b-92841f4551e7,skill/competence,cross-sector,přijímat kritiku a rady,released,,"Zvládat negativní zpětnou vazbu od ostatních, otevřeně reagovat na kritiku a pokusit se skrze ni nalézt potenciální oblasti ke zlepšení.
  ",http://data.europa.eu/esco/skill/f5c9eef3-0495-4747-9519-d71a58d252bd,prokázat vůli učit se
KnowledgeSkillCompetence,http://data.europa.eu/esco/skill/0b709c64-a57a-4976-86bd-34d2cf34fa4f,skill/competence,transversal,"uplatňovat znalost filozofie, etiky a náboženství",released,,"Nalézt a rozvíjet vlastní pohled na úlohy, smysl a účel jednotlivce, včetně toho, co znamená žít, zemřít a být člověkem.
  ",http://data.europa.eu/esco/skill/44ff6716-7d71-4a16-821b-61d10e9e290d,uplatňování obecných znalostí
KnowledgeSkillCompetence,http://data.europa.eu/esco/skill/0d75a128-bd88-4c1b-b70d-8e963aeb490c,skill/competence,transversal,usilovat o snížení znečištění,released,,"Přijímat opatření na snížení hluku, světelného znečištění, znečištění vzduchu, vody nebo životního prostředí, například používáním veřejné dopravy, nezanecháváním odpadků v přírodním prostředí a snižováním nepotřebných emisí světelného záření a hluku, a to zejména v noci.
  ",http://data.europa.eu/esco/skill/80cf002a-6586-4db7-9c9a-88325a9a5e1b,uplatňování dovedností a schopností souvisejících s životním prostředím
KnowledgeSkillCompetence,http://data.europa.eu/esco/skill/113b4428-0a31-4199-8496-070af7854b91,skill/competence,transversal,plnit své závazky,released,,"Plnit úkoly sebedisciplinovaným, spolehlivým a na cíl orientovaným způsobem.",http://data.europa.eu/esco/skill/14c41899-0224-4cbc-bd8c-e946ada2da87,pracovat efektivně
KnowledgeSkillCompetence,http://data.europa.eu/esco/skill/13b4a3d2-abdf-4442-8e52-d7464a58ecbc,skill/competence,transversal,přizpůsobit se fyzickým nárokům,released,,"Projevit schopnost vydržet vysokou fyzickou pracovní nebo sportovní zátěž. Patří sem klečení, stání nebo běhání po delší dobu nebo práce za nepříznivých meteorologických podmínek, jako je velké teplo, zima a déšť.
  ",http://data.europa.eu/esco/skill/e52389a2-1a05-45b0-8db3-4bda0f0c0b48,reakce na fyzické okolnosti
KnowledgeSkillCompetence,http://data.europa.eu/esco/skill/199f7919-5114-41b6-b6a5-41e0e4896ec1,skill/competence,transversal,převzít odpovědnost,released,,"Přijmout zodpovědnost a odpovědnost za vlastní profesní rozhodnutí a činy, jakož i za ty, které byly delegovány na jiné.
  ",http://data.europa.eu/esco/skill/91860993-1a8b-4473-91f3-600aa1924bd0,zaujmout proaktivní přístup
KnowledgeSkillCompetence,http://data.europa.eu/esco/skill/19a64e91-bfe3-4c48-9225-3bb1229b12f0,skill/competence,transversal,projevovat odhodlání,released,,"Projevovat odhodlání vykonávat činnost, která je obtížná a vyžaduje náročnou práci. Projevovat velké úsilí vedené zájmem nebo radostí z práce samotné, a to bez vnějších tlaků.
  ",http://data.europa.eu/esco/skill/91860993-1a8b-4473-91f3-600aa1924bd0,zaujmout proaktivní přístup
KnowledgeSkillCompetence,http://data.europa.eu/esco/skill/19ba11f3-9c99-41fd-a7c9-f77e6a026186,skill/competence,transversal,provádět výpočty,released,,"Řešit matematické problémy za účelem dosažení pracovních cílů.
  ",http://data.europa.eu/esco/skill/edc72cfe-78a8-4531-b00f-92992a0bb8cb,práce s čísly a mírami
KnowledgeSkillCompetence,http://data.europa.eu/esco/skill/1d1fedcb-4995-44ac-90f5-f31a157ce512,skill/competence,transversal,zvládat frustraci,released,,"Udržovat klid a reagovat konstruktivním způsobem na svůj nebo cizí vztek nebo v případě, že čelíte překážkám či stížnostem.",http://data.europa.eu/esco/skill/2b2c3254-7f6c-47e2-84f1-aece946fbfae,udržovat pozitivní přístup
KnowledgeSkillCompetence,http://data.europa.eu/esco/skill/1dabb413-18e8-48ed-a963-44978e67ad32,skill/competence,transversal,provádět výpočty pravděpodobnosti,released,,"Předpovídat pravděpodobnost výsledku na základě výpočtů nebo zkušeností.
  ",http://data.europa.eu/esco/skill/edc72cfe-78a8-4531-b00f-92992a0bb8cb,práce s čísly a mírami
KnowledgeSkillCompetence,http://data.europa.eu/esco/skill/1ddc021d-d818-4731-904f-842d7491f419,skill/competence,transversal,spravovat finanční a materiální zdroje,released,,"Provádět účinné finanční plánování pomocí příspěvků, spoření, investic a důchodů za účelem dosažení krátkodobých i dlouhodobých cílů, používat kritické myšlení při využívání služeb finančního poradenství, porovnávat nabídky při pořizování výrobků či služeb a aktivně vybírat vhodné pojistné produkty.
  ",http://data.europa.eu/esco/skill/6c6957bf-cf1f-4483-9c7e-1655f251b01a,uplatňování podnikatelských a finančních dovedností a kompetencí
KnowledgeSkillCompetence,http://data.europa.eu/esco/skill/1fce1197-3a5b-45b7-8797-575cd3b57a01,skill/competence,transversal,projevovat oddanost,released,,"Projevovat ochotu okamžitě přijmout úkoly, i když jsou obtížné nebo nepříjemné.
  ",http://data.europa.eu/esco/skill/91860993-1a8b-4473-91f3-600aa1924bd0,zaujmout proaktivní přístup
KnowledgeSkillCompetence,http://data.europa.eu/esco/skill/20012caa-b63c-4cb9-b2b8-01a1cfdfc1d1,skill/competence,transversal,myslet rychle,released,,"Mít schopnost rychle a přesně pochopit a zpracovat nejdůležitější aspekty faktů a jejich souvislostí.
  ",http://data.europa.eu/esco/skill/fff1d675-c36a-4c12-9cd4-407f21ccd06a,"zpracování informací, nápadů a koncepcí"
KnowledgeSkillCompetence,http://data.europa.eu/esco/skill/2aaad52d-599e-4e77-a681-bbc236825821,skill/competence,transversal,hodnotit dopad osobního chování na životní prostředí,released,,"Přijmout způsob myšlení orientovaný na udržitelnost v každodenním životě a reflektovat svůj osobní ekologický postoj a dopad vlastního chování na životní prostředí.
  ",http://data.europa.eu/esco/skill/80cf002a-6586-4db7-9c9a-88325a9a5e1b,uplatňování dovedností a schopností souvisejících s životním prostředím
KnowledgeSkillCompetence,http://data.europa.eu/esco/skill/35ebe444-9ece-4fbc-a55d-e99ea37267ae,skill/competence,transversal,řídit kvalitu,released,,"Usilovat o excelentní výsledky v oblasti postupů, produktů a činností na pracovišti.",http://data.europa.eu/esco/skill/14c41899-0224-4cbc-bd8c-e946ada2da87,pracovat efektivně
KnowledgeSkillCompetence,http://data.europa.eu/esco/skill/409a0245-0e6c-4aac-ba16-0920ecb76a8d,skill/competence,transversal,provádět sebereflexi,released,,"Efektivně, pravidelně a systematicky reflektovat vlastní činnost, výkon a postoje, provádět nezbytné úpravy a vyhledávat příležitosti k profesnímu rozvoji s cílem odstranit nedostatky ve znalostech a praxi v oblastech, kde je to zapotřebí.
  ",http://data.europa.eu/esco/skill/f5c9eef3-0495-4747-9519-d71a58d252bd,prokázat vůli učit se
KnowledgeSkillCompetence,http://data.europa.eu/esco/skill/429062f1-a958-43ea-83dd-4e1af078c156,skill/competence,transversal,být zvídavý,released,,"Projevovat živý zájem o novinky, otevřenost vůči novým zkušenostem, schopnost nadchnout se pro nové téma, aktivně zkoumat a objevovat nové oblastí.",http://data.europa.eu/esco/skill/f5c9eef3-0495-4747-9519-d71a58d252bd,prokázat vůli učit se
KnowledgeSkillCompetence,http://data.europa.eu/esco/skill/468135b7-5757-48c3-9509-fde0e13ec5be,skill/competence,transversal,starat se o osobní rozvoj,released,,"Převzít odpovědnost za své dovednosti a kompetence a zúročit je ve svůj prospěch v pracovním i soukromém životě.
  ",http://data.europa.eu/esco/skill/91860993-1a8b-4473-91f3-600aa1924bd0,zaujmout proaktivní přístup
KnowledgeSkillCompetence,http://data.europa.eu/esco/skill/469748ce-051a-407e-9099-0c9415ac2705,skill/competence,transversal,pozitivně přistupovat k výzvám,released,,"Zaujímat pozitivní postoj a konstruktivní přístup k řešení výzev.
  ",http://data.europa.eu/esco/skill/2b2c3254-7f6c-47e2-84f1-aece946fbfae,udržovat pozitivní přístup
KnowledgeSkillCompetence,http://data.europa.eu/esco/skill/4707da90-9cfc-46ca-8de0-38a0b7bfb137,skill/competence,transversal,myslet analyticky,released,určovat slabé a silné stránky | myslet logicky | přemýšlet analyticky,"Přinášet úvahy s využitím logiky a uvažování s cílem identifikovat silné a slabé stránky alternativních řešení, závěrů nebo přístupů k problémům.",http://data.europa.eu/esco/skill/fff1d675-c36a-4c12-9cd4-407f21ccd06a,"zpracování informací, nápadů a koncepcí"
KnowledgeSkillCompetence,http://data.europa.eu/esco/skill/49de9958-2aa4-4eef-a89d-fe5d5bcd28c4,skill/competence,transversal,přizpůsobit se změnám,released,,Měnit postoj nebo chování jednotlivce s cílem přizpůsobit se změnám na pracovišti.,http://data.europa.eu/esco/skill/f5c9eef3-0495-4747-9519-d71a58d252bd,prokázat vůli učit se
KnowledgeSkillCompetence,http://data.europa.eu/esco/skill/4c3ab565-747c-4db3-8c47-79e8d6f98cf4,skill/competence,transversal,usilovat o snížení negativního dopadu spotřeby,released,,"Uplatňovat zásady, politiku a předpisy zaměřené na environmentální udržitelnost, včetně snižování množství odpadu a spotřeby vody a energií, opětovného používání a recyklace výrobků a zapojení se do sdílené ekonomiky.
  ",http://data.europa.eu/esco/skill/80cf002a-6586-4db7-9c9a-88325a9a5e1b,uplatňování dovedností a schopností souvisejících s životním prostředím
KnowledgeSkillCompetence,http://data.europa.eu/esco/skill/4c772721-9280-49cb-9988-b6ea3d36b06d,skill/competence,transversal,udržovat si psychologickou pohodu,released,,"Mít schopnost vyvarovat se narušení psychologické pohody, například při používání digitálních technologií, včetně udržování zdravé rovnováhy mezi prací, osobním životem a vzděláváním.
  ",http://data.europa.eu/esco/skill/3d54fec5-d9cb-45a0-bf8d-ffaf3790a5bb,uplatňování dovedností a schopností souvisejících se zdravím
KnowledgeSkillCompetence,http://data.europa.eu/esco/skill/4cde32b5-fc2f-4257-a8b9-5b15a67ee3e5,skill/competence,transversal,chránit zdraví ostatních,released,,"Předcházet újmě rodinných příslušníků, svěřených osob a spoluobčanů a pomáhat jim při zotavení, včetně příslušné reakce v případě nehod, jako je například poskytnutí první pomoci.
  ",http://data.europa.eu/esco/skill/3d54fec5-d9cb-45a0-bf8d-ffaf3790a5bb,uplatňování dovedností a schopností souvisejících se zdravím
KnowledgeSkillCompetence,http://data.europa.eu/esco/skill/5b0f2198-7246-4256-a902-4d9ce1260c80,skill/competence,transversal,zajistit orientaci na zákazníka,released,,"Porozumět přáním zákazníků a zaujmout pozitivní postoj při interakci, poskytování rad, prodeji výrobků či služeb nebo při řešení stížností.
  ",http://data.europa.eu/esco/skill/82463bb1-85d1-4e99-a4ce-08508fc3b2a3,podpora ostatních
KnowledgeSkillCompetence,http://data.europa.eu/esco/skill/5b46f572-7ced-4efd-b270-a81a164d521c,skill/competence,transversal,moderovat diskuze,released,,"Používat moderní techniky a metody vedení diskuzí dvou či více osob, včetně situací, jako jsou semináře, konference nebo on-line akce. Zajistit korektnost a zdvořilost debaty.
  ",http://data.europa.eu/esco/skill/6f142deb-03a9-4cd7-94ce-e0f023ae2169,komunikace
KnowledgeSkillCompetence,http://data.europa.eu/esco/skill/5c3ab99d-a3f1-4620-9602-d12d2151a03d,skill/competence,transversal,"uplatňovat znalost vědy, technologií a techniky",released,,"Rozvíjet a uplatňovat porozumění fyzikálnímu světu a jeho základním principům, například vytvářením podložených předpovědí ohledně příčin a důsledků, koncipováním testů těchto předpovědí a prováděním měření s použitím vhodných jednotek, nástrojů a vybavení.
  ",http://data.europa.eu/esco/skill/44ff6716-7d71-4a16-821b-61d10e9e290d,uplatňování obecných znalostí
KnowledgeSkillCompetence,http://data.europa.eu/esco/skill/5c526c52-4f0a-4647-8c51-c91568acebb1,skill/competence,transversal,zpracovávat prostorové informace,released,,"Mít schopnost mentálně si představit umístění a vztah těles v trojrozměrném prostoru a vyvinout si dobrý smysl pro proporce.
  ",http://data.europa.eu/esco/skill/edc72cfe-78a8-4531-b00f-92992a0bb8cb,práce s čísly a mírami
KnowledgeSkillCompetence,http://data.europa.eu/esco/skill/5ca953f7-541d-4f67-bc55-7721348366cf,skill/competence,transversal,respektovat rozmanitost kulturních hodnot a norem,released,,"Prokazovat mezikulturní kompetenci a respektovat kulturní hodnoty a normy druhých. Projevovat toleranci a uznání vůči různým hodnotám a normám, jež zastávají různí lidé a různé kultury, které se vyvíjely za různých okolností nebo v různých dobách a na různých místech.
  ",http://data.europa.eu/esco/skill/d6e97b91-b75d-45f5-8566-667798957b0f,uplatňování občanských dovedností a schopností
KnowledgeSkillCompetence,http://data.europa.eu/esco/skill/5cd1930c-278d-4929-b413-27352f5b3687,skill/competence,transversal,zvládat nejistotu,released,,"Tolerovat nejistotu a konstruktivně pracovat v neočekávaných a nepředvídatelných situacích.
  ",http://data.europa.eu/esco/skill/2b2c3254-7f6c-47e2-84f1-aece946fbfae,udržovat pozitivní přístup
KnowledgeSkillCompetence,http://data.europa.eu/esco/skill/609a8ac1-9d29-4237-9886-596dbbe7ca8a,skill/competence,transversal,oslovovat příjemce sdělení,released,,"Hovořit strukturovaným a rozvážným způsobem přímo ke skupině posluchačů s cílem je informovat, ovlivnit nebo pobavit.
  ",http://data.europa.eu/esco/skill/6f142deb-03a9-4cd7-94ce-e0f023ae2169,komunikace
KnowledgeSkillCompetence,http://data.europa.eu/esco/skill/60c78287-22eb-4103-9c8c-28deaa460da0,skill/competence,transversal,pracovat v týmech,released,,"S jistotou pracovat v rámci skupiny, v níž každý plní svůj úkol v zájmu všech.",http://data.europa.eu/esco/skill/036afa6e-cdde-4b38-a53a-8e7910a840e1,spolupráce v týmech a v rámci sítí
KnowledgeSkillCompetence,http://data.europa.eu/esco/skill/669b75d8-671c-4a1c-8e0b-6466c513c27d,skill/competence,transversal,jednat sebevědomě,released,,"Prokazovat stupeň zralosti prostřednictvím plného pochopení vlastních kvalit a schopností, které mohou sloužit jako zdroje sebedůvěry v různých situacích.",http://data.europa.eu/esco/skill/2b2c3254-7f6c-47e2-84f1-aece946fbfae,udržovat pozitivní přístup
KnowledgeSkillCompetence,http://data.europa.eu/esco/skill/699e7c26-6502-4e78-a823-3656ff5a5b8b,skill/competence,transversal,poskytovat poradenství ostatním,released,,Vést nebo učit ostatní poskytováním příslušných znalostí a podpory.,http://data.europa.eu/esco/skill/82463bb1-85d1-4e99-a4ce-08508fc3b2a3,podpora ostatních
KnowledgeSkillCompetence,http://data.europa.eu/esco/skill/6b2f8802-0cbf-436e-a37f-ca55ede41bbc,skill/competence,transversal,obsluhovat digitální hardware,released,,"Používat zařízení, jako je monitor, myš, klávesnice, zařízení pro ukládání dat, tiskárny a skenery za účelem provádění operací, jako je zapojení, spuštění, vypnutí, restartování, ukládání souborů a jiné operace.
  ",http://data.europa.eu/esco/skill/3399045f-8078-4066-8b46-475b49b260ab,práce s digitálními přístroji a aplikacemi
KnowledgeSkillCompetence,http://data.europa.eu/esco/skill/6b305973-8993-475f-bd8a-daf037c61401,skill/competence,transversal,"třídit informace, cíle a zdroje",released,,"Porozumět vlastním úkolům a postupům, které s nimi souvisejí. Třídit informace, předměty a zdroje pomocí systematických metod a podle stanovených norem a zajistit zvládnutí úkolu.
  ",http://data.europa.eu/esco/skill/66fdc34c-2326-4baa-b8ff-7a1d1015fe3a,plánování a organizování
KnowledgeSkillCompetence,http://data.europa.eu/esco/skill/6fc6f757-6baa-49fe-9a82-6ba6a52f2e13,skill/competence,transversal,interpretovat matematické informace,released,,"Prokázat pochopení matematických pojmů a koncepcí a uplatňovat základní matematické zásady a postupy za účelem interpretace dat a faktů.
  ",http://data.europa.eu/esco/skill/edc72cfe-78a8-4531-b00f-92992a0bb8cb,práce s čísly a mírami
KnowledgeSkillCompetence,http://data.europa.eu/esco/skill/72d1fa5d-1b7f-48e7-84e3-6e779841ddf1,skill/competence,transversal,prokazovat loajalitu,released,,"Prokazovat sounáležitost se skupinou nebo organizací, mj. sdílením a reprezentováním jejich hodnot.
  ",http://data.europa.eu/esco/skill/925af2b5-2f4d-4cce-92cc-79e1ff887c7d,jednat v souladu s etickým kodexem chování
KnowledgeSkillCompetence,http://data.europa.eu/esco/skill/75d8e5d9-bef3-418b-9011-01bff9f27207,skill/competence,transversal,vést ostatní,released,,"Vést a směrovat ostatní ke společnému cíli, často ve skupině nebo týmu.",http://data.europa.eu/esco/skill/fe5eabaa-63f6-4c44-b405-fc3ded8d56cb,vedení ostatních
KnowledgeSkillCompetence,http://data.europa.eu/esco/skill/77b636e8-fab3-41a8-8022-1e0a354059dc,skill/competence,transversal,dát najevo empatii,released,,"Dát najevo empatii s cílem zabránit jakémukoli symbolickému násilí a izolaci a zajistit, aby byla věnována pozornost každému. Měla by zahrnovat schopnost porozumět různému verbálnímu a neverbálnímu sdělování nálady a pocitu.",http://data.europa.eu/esco/skill/82463bb1-85d1-4e99-a4ce-08508fc3b2a3,podpora ostatních
KnowledgeSkillCompetence,http://data.europa.eu/esco/skill/7954861c-86d4-4529-afbb-2c23dab9ac74,skill/competence,transversal,vyjednat kompromis,released,,"Komunikovat s ostatními se záměrem dosáhnout společného porozumění nebo vyřešit neshodu, aniž by byl opomenut vlastní záměr nebo záměry a cíle ostatních.",http://data.europa.eu/esco/skill/6f142deb-03a9-4cd7-94ce-e0f023ae2169,komunikace
KnowledgeSkillCompetence,http://data.europa.eu/esco/skill/7a147904-22b3-498a-b4d9-7bceeb86b45d,skill/competence,transversal,zvládat stres,released,,"Zvládat výzvy, překážky a změny a dokázat se zotavit z nezdarů a nesnází.
  ",http://data.europa.eu/esco/skill/2b2c3254-7f6c-47e2-84f1-aece946fbfae,udržovat pozitivní přístup
KnowledgeSkillCompetence,http://data.europa.eu/esco/skill/7a93e22f-54d8-4bf0-9213-d711f6601b49,skill/competence,transversal,pracovat efektivně,released,,"Dosáhnout cílů za použití minimálního času, úsilí nebo nákladů.",http://data.europa.eu/esco/skill/14c41899-0224-4cbc-bd8c-e946ada2da87,pracovat efektivně
KnowledgeSkillCompetence,http://data.europa.eu/esco/skill/7d9bace0-63d0-4848-ac87-350a98082c12,skill/competence,transversal,aktivně se zapojovat do občanského života,released,,"Aktivně se podílet na činnostech společného nebo veřejného zájmu, jako jsou občanské, společenské či sousedské iniciativy, příležitosti k dobrovolným činnostem a nevládní organizace.
  ",http://data.europa.eu/esco/skill/d6e97b91-b75d-45f5-8566-667798957b0f,uplatňování občanských dovedností a schopností
KnowledgeSkillCompetence,http://data.europa.eu/esco/skill/7dd94ad3-13d6-43fe-8b94-51fcbf67ced9,skill/competence,transversal,myslet kriticky,released,,"Vytvářet a obhajovat úsudky založené na interních důkazech a externích kritériích. Kriticky hodnotit věrohodnost a spolehlivost informací před jejich použitím nebo sdílením s ostatními. Rozvíjet nezávislé a kritické myšlení.
  ",http://data.europa.eu/esco/skill/fff1d675-c36a-4c12-9cd4-407f21ccd06a,"zpracování informací, nápadů a koncepcí"
KnowledgeSkillCompetence,http://data.europa.eu/esco/skill/7f321b88-3d16-4e30-8163-5494ca8ce978,skill/competence,transversal,zapojit ostatní do chování šetrného k životnímu prostředí,released,,"Informovat o chování, které je šetrné k životnímu prostředí, a podporovat jej na sociálních sítích a v práci.
  ",http://data.europa.eu/esco/skill/80cf002a-6586-4db7-9c9a-88325a9a5e1b,uplatňování dovedností a schopností souvisejících s životním prostředím
KnowledgeSkillCompetence,http://data.europa.eu/esco/skill/83e6510b-ffeb-4aec-959c-4265fd0ff7b7,skill/competence,transversal,dbát na detaily,released,,"Plnit úkol se zájmem o všechny zahrnuté oblasti bez ohledu na to, jak jsou malé.",http://data.europa.eu/esco/skill/14c41899-0224-4cbc-bd8c-e946ada2da87,pracovat efektivně
KnowledgeSkillCompetence,http://data.europa.eu/esco/skill/88b0c49e-7c2e-4ccc-aca3-fbd4bbc2081c,skill/competence,transversal,informovaně využívat zdravotní systém,released,,"Určovat a vybírat správné preventivní a léčebné služby nebo agentury, které nabízejí zdravotní služby a bezpečně používají vhodné léky.
  ",http://data.europa.eu/esco/skill/3d54fec5-d9cb-45a0-bf8d-ffaf3790a5bb,uplatňování dovedností a schopností souvisejících se zdravím
KnowledgeSkillCompetence,http://data.europa.eu/esco/skill/896a5e0c-7ac9-4e59-a9bf-17fdca6b1c37,skill/competence,transversal,podporovat zásady demokracie a právního státu,released,,"Zaujmout aktivní úlohu při prosazování zásad demokracie, sociální spravedlnosti a právního státu. Čelit diskriminaci na základě etnické, kulturní nebo sexuální identity či orientace, jakož i na základě sociálního či ekonomického zázemí a vzdělání, a to posuzováním a kritikou dopadů jakéhokoliv plánovaného opatření na různé skupiny, včetně právních předpisů, politiky nebo programů.
  ",http://data.europa.eu/esco/skill/d6e97b91-b75d-45f5-8566-667798957b0f,uplatňování občanských dovedností a schopností
KnowledgeSkillCompetence,http://data.europa.eu/esco/skill/93350886-a21b-4e61-a1b1-319a325c0f90,skill/competence,transversal,kreativně se vyjadřovat,released,,"Umět se kreativně vyjadřovat pomocí zpěvu, tance, instrumentální hudby, herectví nebo výtvarného umění.
  ",http://data.europa.eu/esco/skill/6115ff80-3d84-4e87-8e2b-6ede7ee004b4,uplatňování kulturních dovedností a schopností
KnowledgeSkillCompetence,http://data.europa.eu/esco/skill/96de2e86-e287-41f2-88ab-15a2343afc6f,skill/competence,transversal,řešit konflikty,released,,"Být prostředníkem při konfliktech a napjatých situacích mezi stranami a usilovat o dosažení dohody, usmíření a vyřešení problémů. Vyřešit konflikt tak, aby se žádná z obětí necítila poškozená, a předem zabránit hádkám.
  ",http://data.europa.eu/esco/skill/6f142deb-03a9-4cd7-94ce-e0f023ae2169,komunikace
KnowledgeSkillCompetence,http://data.europa.eu/esco/skill/98a999db-72d5-4657-a0b0-2f850afd4368,skill/competence,transversal,oceňovat rozmanitá kulturní a umělecká vyjádření,released,,"Projevovat estetické cítění, zájem a otevřenost vůči uměleckým vyjádřením z různých kulturních prostředí.
  ",http://data.europa.eu/esco/skill/6115ff80-3d84-4e87-8e2b-6ede7ee004b4,uplatňování kulturních dovedností a schopností
KnowledgeSkillCompetence,http://data.europa.eu/esco/skill/9bf266a6-188b-4d17-a22f-2f266d76832b,skill/competence,transversal,být ochoten se učit,released,,"Ukázat pozitivní postoj k novým a náročným požadavkům, které lze splnit pouze prostřednictvím celoživotního učení.",http://data.europa.eu/esco/skill/f5c9eef3-0495-4747-9519-d71a58d252bd,prokázat vůli učit se
KnowledgeSkillCompetence,http://data.europa.eu/esco/skill/9c0f93f7-2592-4d4d-9673-fd640502345f,skill/competence,transversal,"s přesností používat zařízení, nástroje či technologie",released,,"Samostatně používat obrobky, nástroje, přesné přístroje nebo zařízení nezávisle k provádění manuálních činností, a to se základním školením nebo bez něj.
  ",http://data.europa.eu/esco/skill/ccb6db6a-8538-431c-b740-5f241bdb71cf,manipulace s předměty a zařízeními a jejich ovládání
KnowledgeSkillCompetence,http://data.europa.eu/esco/skill/9cfd2219-553c-4d67-81e5-951e87c65135,skill/competence,transversal,soustředit se po dlouhou dobu,released,,"Zůstat soustředěný po dlouhou dobu, aby bylo možné učinit správné úsudky a vhodná rozhodnutí.",http://data.europa.eu/esco/skill/14c41899-0224-4cbc-bd8c-e946ada2da87,pracovat efektivně
KnowledgeSkillCompetence,http://data.europa.eu/esco/skill/a628d2d1-f40a-4c37-a357-2801726f2996,skill/competence,transversal,identifikovat problémy,released,,"Identifikovat a odhalovat problémy a potíže a rozhodnout o nejlepším postupu. V případě potřeby problémy řádně oznamovat.
  ",http://data.europa.eu/esco/skill/13d301d0-98cb-414f-a8f9-a3f059228133,řešení problémů
KnowledgeSkillCompetence,http://data.europa.eu/esco/skill/a68bdf1e-b325-4880-b456-192c2891931a,skill/competence,transversal,udržovat si fyzickou kondici,released,,"Přijmout a uplatňovat preventivní zdravý způsob života, včetně pravidelné fyzické aktivity, zdravého spánku a zdravé stravy.
  ",http://data.europa.eu/esco/skill/3d54fec5-d9cb-45a0-bf8d-ffaf3790a5bb,uplatňování dovedností a schopností souvisejících se zdravím
KnowledgeSkillCompetence,http://data.europa.eu/esco/skill/adc6dc11-3376-467b-96c5-9b0a21edc869,skill/competence,transversal,řešit problémy,released,,"Hledat řešení praktických, provozních či koncepčních problémů v široké škále oblastí.
  ",http://data.europa.eu/esco/skill/13d301d0-98cb-414f-a8f9-a3f059228133,řešení problémů
KnowledgeSkillCompetence,http://data.europa.eu/esco/skill/b00e948c-19be-4951-8cff-60f88f1046e9,skill/competence,transversal,delegovat povinnosti,released,,"Delegovat povinnosti, činnosti a úkoly na druhé podle jejich dovedností, úrovně připravenosti a kompetencí. Zajistit, aby lidé věděli, co a kdy mají dělat.
  ",http://data.europa.eu/esco/skill/fe5eabaa-63f6-4c44-b405-fc3ded8d56cb,vedení ostatních
KnowledgeSkillCompetence,http://data.europa.eu/esco/skill/b080a008-a35d-4bd0-92e9-edf3773bb2b7,skill/competence,transversal,používat software pro komunikaci a spolupráci,released,,"Používat jednoduché digitální nástroje a technologie ke komunikaci, interakci a spolupráci s ostatními.
  ",http://data.europa.eu/esco/skill/3399045f-8078-4066-8b46-475b49b260ab,práce s digitálními přístroji a aplikacemi
KnowledgeSkillCompetence,http://data.europa.eu/esco/skill/b19e0820-a96f-4c0a-a724-3c056180c1b3,skill/competence,transversal,budovat týmového ducha,released,,"Vytvořit vztah založený na vzájemné důvěře, respektu a spolupráci mezi členy téhož týmu.
  ",http://data.europa.eu/esco/skill/fe5eabaa-63f6-4c44-b405-fc3ded8d56cb,vedení ostatních
KnowledgeSkillCompetence,http://data.europa.eu/esco/skill/b40584aa-7c63-4eed-9422-a9798fb95fdc,skill/competence,transversal,improvizovat,released,,"Mít schopnost improvizovat a okamžitě a bez plánování reagovat na situace, které předtím nebyly známy.
  ",http://data.europa.eu/esco/skill/e84d080a-ff6d-41a7-b7b9-133e97c7bf00,přemýšlet kreativně a inovativně
KnowledgeSkillCompetence,http://data.europa.eu/esco/skill/b618584f-6bdf-4d8f-89a7-f28c2c95afc2,skill/competence,transversal,dodržovat předpisy,released,,"Dodržovat a respektovat pravidla, předpisy a pokyny týkající se konkrétní oblasti nebo odvětví a uplatňovat je při každodenní práci.
  ",http://data.europa.eu/esco/skill/925af2b5-2f4d-4cce-92cc-79e1ff887c7d,jednat v souladu s etickým kodexem chování
KnowledgeSkillCompetence,http://data.europa.eu/esco/skill/b6bdf202-524f-475d-b813-2aa9af005c37,skill/competence,transversal,přemísťovat předměty,released,,"Ručně nebo s pomocí zařízení provádět fyzické činnosti za účelem přemísťování, nakládání, vykládání či skladování předmětů nebo lezení na konstrukce.
  ",http://data.europa.eu/esco/skill/ccb6db6a-8538-431c-b740-5f241bdb71cf,manipulace s předměty a zařízeními a jejich ovládání
KnowledgeSkillCompetence,http://data.europa.eu/esco/skill/ba93b71b-c433-4a01-8246-ed2daa85a9a2,skill/competence,transversal,vyhledávat na internetu,released,,"Vyhledávat údaje, informace a obsah pomocí jednoduchého vyhledávání v digitálním prostředí.
  ",http://data.europa.eu/esco/skill/3399045f-8078-4066-8b46-475b49b260ab,práce s digitálními přístroji a aplikacemi
KnowledgeSkillCompetence,http://data.europa.eu/esco/skill/bc0b0b5d-f6be-405a-b224-b6902a4dbe97,skill/competence,cross-sector,spravovat digitální identitu,released,,"Vytvořit a spravovat jednu nebo více digitálních identit, být schopen chránit vlastní reputaci, zabývat se daty, která osoba vytváří, prostřednictvím několika digitálních nástrojů, prostředí a služeb.",http://data.europa.eu/esco/skill/3399045f-8078-4066-8b46-475b49b260ab | http://data.europa.eu/esco/skill/574257ea-7b64-4100-b7b6-e27c233fe143,práce s digitálními přístroji a aplikacemi | digitální komunikace a spolupráce
KnowledgeSkillCompetence,http://data.europa.eu/esco/skill/bcf002ce-90f8-42e5-ac1b-5dba208639b0,skill/competence,transversal,prokazovat důvěryhodnost,released,,"Prokazovat na pracovišti čestnost, poctivost a důvěryhodnost. Projevovat loajalitu vůči svému týmu a organizaci a prokazovat důvěryhodnost.
  ",http://data.europa.eu/esco/skill/925af2b5-2f4d-4cce-92cc-79e1ff887c7d,jednat v souladu s etickým kodexem chování
KnowledgeSkillCompetence,http://data.europa.eu/esco/skill/bdcf429c-5ccf-4c3d-bb61-4c987573a35e,skill/competence,transversal,prokazovat podnikatelského ducha,released,,"Rozvíjet, organizovat a spravovat vlastní podnik, identifikovat a využívat příležitosti a mobilizovat prostředky s ohledem na ziskovost. Projevovat proaktivní přístup a odhodlání k dosažení úspěchu v podnikání.
  ",http://data.europa.eu/esco/skill/6c6957bf-cf1f-4483-9c7e-1655f251b01a,uplatňování podnikatelských a finančních dovedností a kompetencí
KnowledgeSkillCompetence,http://data.europa.eu/esco/skill/be6ab363-3de1-427f-a8ef-85d5b0250822,skill/competence,transversal,oznamovat skutečnosti,released,,Tlumočit informace nebo události vylíčit ústně.,http://data.europa.eu/esco/skill/6f142deb-03a9-4cd7-94ce-e0f023ae2169,komunikace
KnowledgeSkillCompetence,http://data.europa.eu/esco/skill/bf4d884f-c848-402a-b130-69c266b04164,skill/competence,transversal,uplatňovat základní programovací dovednosti,released,,"Sestavit seznam jednoduchých pokynů pro počítačový systém s cílem řešit problémy nebo provádět úkoly na základní úrovni, v případě potřeby s vhodnou pomocí.
  ",http://data.europa.eu/esco/skill/3399045f-8078-4066-8b46-475b49b260ab,práce s digitálními přístroji a aplikacemi
KnowledgeSkillCompetence,http://data.europa.eu/esco/skill/bf983f2a-e941-4646-811d-cc81060cb53f,skill/competence,transversal,vytvářet sítě,released,,"Prokazovat schopnost budovat fungující vztahy, navazovat a udržovat spojenectví, kontakty a partnerství a vyměňovat informace s ostatními.
  ",http://data.europa.eu/esco/skill/036afa6e-cdde-4b38-a53a-8e7910a840e1,spolupráce v týmech a v rámci sítí
KnowledgeSkillCompetence,http://data.europa.eu/esco/skill/c10d5d87-36cf-42f5-8a12-e560fb5f4af8,skill/competence,transversal,mít mezikulturní kompetence,released,,"Pochopit a respektovat osoby, které jsou vnímány tak, že mají jinou kulturní spřízněnost, a účinně a s úctou na ně reagovat.",http://data.europa.eu/esco/skill/036afa6e-cdde-4b38-a53a-8e7910a840e1,spolupráce v týmech a v rámci sítí
KnowledgeSkillCompetence,http://data.europa.eu/esco/skill/c29aa9d2-4da8-4bdd-831c-8d4a2fb51730,skill/competence,transversal,pracovat samostatně,released,,"Vytvořit si vlastní způsob, jak postupovat, motivovat sebe sama s malou nebo žádnou kontrolou a ve věcech, co je třeba udělat, spoléhat jen na sebe.",http://data.europa.eu/esco/skill/14c41899-0224-4cbc-bd8c-e946ada2da87,pracovat efektivně
KnowledgeSkillCompetence,http://data.europa.eu/esco/skill/c2a0c52c-0b4b-4180-a918-92650ea3b458,skill/competence,transversal,myslet inovativně,released,,"Rozvíjet myšlenky či závěry vedoucí k vytvoření a zavedení inovací nebo změn.
  ",http://data.europa.eu/esco/skill/e84d080a-ff6d-41a7-b7b9-133e97c7bf00,přemýšlet kreativně a inovativně
KnowledgeSkillCompetence,http://data.europa.eu/esco/skill/c4180af3-befd-4bd8-9a65-6a496f9d9f15,skill/competence,transversal,prokazovat povědomí o zdravotních rizicích,released,,"Mít schopnost posoudit a řídit rizika pro lidské zdraví, například dodržováním bezpečnostních opatření při pracovních postupech, řídit se opatřeními protipožární ochrany, respektovat ergonomii a zohledňovat účinky drog a alkoholu na jednotlivce, rodiny a společenství.
  ",http://data.europa.eu/esco/skill/3d54fec5-d9cb-45a0-bf8d-ffaf3790a5bb,uplatňování dovedností a schopností souvisejících se zdravím
KnowledgeSkillCompetence,http://data.europa.eu/esco/skill/c624c6a3-b0ba-4a31-a296-0d433fe47e41,skill/competence,transversal,myslet kreativně,released,,Přicházet s novými nápady nebo kombinovat ty stávající s cílem vyvinout inovativní a novátorská řešení.,http://data.europa.eu/esco/skill/e84d080a-ff6d-41a7-b7b9-133e97c7bf00,přemýšlet kreativně a inovativně
KnowledgeSkillCompetence,http://data.europa.eu/esco/skill/d56e2c2f-3e01-4b76-a7bb-ecb6d430172f,skill/competence,transversal,myslet holisticky,released,,"Zohledňovat nepřímé a dlouhodobé následky při plánování a rozhodování. Zvažovat dopady na ostatní osoby, postupy a životní prostředí a zahrnovat je do svého plánování.
  ",http://data.europa.eu/esco/skill/fff1d675-c36a-4c12-9cd4-407f21ccd06a,"zpracování informací, nápadů a koncepcí"
KnowledgeSkillCompetence,http://data.europa.eu/esco/skill/d62d2b4c-a6f8-439e-8a1b-4f29ab5f2c47,skill/competence,transversal,učinit rozhodnutí,released,,Vybírat z několika alternativních možností.,http://data.europa.eu/esco/skill/91860993-1a8b-4473-91f3-600aa1924bd0,zaujmout proaktivní přístup
KnowledgeSkillCompetence,http://data.europa.eu/esco/skill/d822b4b2-26c7-4bd9-970d-229c6504f615,skill/competence,transversal,vytvářet digitální obsah,released,,"Vytvářet a upravovat jednoduché položky digitálního obsahu, v případě potřeby s využitím pokynů.
  ",http://data.europa.eu/esco/skill/3399045f-8078-4066-8b46-475b49b260ab,práce s digitálními přístroji a aplikacemi
KnowledgeSkillCompetence,http://data.europa.eu/esco/skill/d9013e0e-e937-43d5-ab71-0e917ee882b8,skill/competence,transversal,řídit čas,released,,"Plánovat časový sled událostí, programy a činnosti, jakož i další práce.",http://data.europa.eu/esco/skill/14c41899-0224-4cbc-bd8c-e946ada2da87,pracovat efektivně
KnowledgeSkillCompetence,http://data.europa.eu/esco/skill/d9449998-c1f5-478c-a103-2255398cf0b6,skill/competence,transversal,uplatňovat hygienické normy,released,,"Přijmout osobní odpovědnost za zajištění bezpečného a neinfekčního pracovního i životního prostředí, včetně používání roušek, dezinfekce a obecné osobní hygieny.
  ",http://data.europa.eu/esco/skill/3d54fec5-d9cb-45a0-bf8d-ffaf3790a5bb,uplatňování dovedností a schopností souvisejících se zdravím
KnowledgeSkillCompetence,http://data.europa.eu/esco/skill/db33c0f3-43ee-4ba3-ba47-9269ac837697,skill/competence,transversal,kriticky posuzovat informace a jejich zdroje,released,,"Mít schopnost hodnotit a analyzovat informace a jejich zdroje. Projevovat schopnost přístupu k tradičním i novým formám médií a jejich roli a funkci v demokratických společnostech a kriticky jim porozumět.
  ",http://data.europa.eu/esco/skill/d6e97b91-b75d-45f5-8566-667798957b0f,uplatňování občanských dovedností a schopností
KnowledgeSkillCompetence,http://data.europa.eu/esco/skill/dcc99418-d896-4b3b-8596-658093a17a8f,skill/competence,transversal,řešit chronická onemocnění,released,,"Určovat a využívat způsoby, jak snížit negativní účinky chronických onemocnění, včetně používání zrakových, sluchových a pohybových pomůcek, vhodných léků a příslušné sociální a zdravotní podpory.
  ",http://data.europa.eu/esco/skill/3d54fec5-d9cb-45a0-bf8d-ffaf3790a5bb,uplatňování dovedností a schopností souvisejících se zdravím
KnowledgeSkillCompetence,http://data.europa.eu/esco/skill/deb3c1bc-d48a-42e6-b0cc-cb238534ec28,skill/competence,transversal,uplatňovat znalost sociálních a humanitních věd,released,,"Prokázat porozumění povaze, pluralitě a funkci sociálních a politických skupin a jejich souvislosti se socioekonomickou stránkou společnosti. Chápat úlohu a postavení jednotlivců ve společnosti.
  ",http://data.europa.eu/esco/skill/44ff6716-7d71-4a16-821b-61d10e9e290d,uplatňování obecných znalostí
KnowledgeSkillCompetence,http://data.europa.eu/esco/skill/df5e3d02-9f0f-44ee-91c2-85c62f161868,skill/competence,transversal,"prosazovat myšlenky, výrobky nebo služby",released,,"Představovat a inzerovat výrobky, programy a služby s cílem přesvědčit a ovlivnit ostatní.
  ",http://data.europa.eu/esco/skill/6f142deb-03a9-4cd7-94ce-e0f023ae2169,komunikace
KnowledgeSkillCompetence,http://data.europa.eu/esco/skill/e2d44a9b-f28c-489e-9861-b654b5ded507,skill/competence,transversal,motivovat ostatní,released,,Usměrňovat chování ostatních lidí poskytnutím přesvědčivého popudu.,http://data.europa.eu/esco/skill/fe5eabaa-63f6-4c44-b405-fc3ded8d56cb,vedení ostatních
KnowledgeSkillCompetence,http://data.europa.eu/esco/skill/e37d64dc-0f05-4ee8-b065-bf76f70d8f5c,skill/competence,transversal,respektovat povinnost mlčenlivosti,released,,"Dodržovat nezbytnou diskrétnost a zdrženlivost, pokud jde o nakládání s důvěrnými, tajnými nebo nepříjemnými informacemi.
  ",http://data.europa.eu/esco/skill/925af2b5-2f4d-4cce-92cc-79e1ff887c7d,jednat v souladu s etickým kodexem chování
KnowledgeSkillCompetence,http://data.europa.eu/esco/skill/e49f4158-9d4c-425d-bf32-dfe89b19840a,skill/competence,transversal,plánovat,released,,"Spravovat vlastní časový rozvrh a zdroje s cílem dokončit úkoly včas.
  ",http://data.europa.eu/esco/skill/66fdc34c-2326-4baa-b8ff-7a1d1015fe3a,plánování a organizování
KnowledgeSkillCompetence,http://data.europa.eu/esco/skill/ef7562b2-f176-4d7c-a0b2-27ae8cce0b7d,skill/competence,transversal,reagovat na fyzické změny či nebezpečí,released,,"Rychle a vhodně reagovat na externí či interní okolnosti a podněty.
  ",http://data.europa.eu/esco/skill/e52389a2-1a05-45b0-8db3-4bda0f0c0b48,reakce na fyzické okolnosti
KnowledgeSkillCompetence,http://data.europa.eu/esco/skill/f4346299-e22a-4686-8e61-2c9b0cd51c7d,skill/competence,transversal,uplatňovat opatření digitální bezpečnosti,released,,"Dodržovat jednoduché způsoby ochrany digitálních zařízení a digitálního obsahu.
  ",http://data.europa.eu/esco/skill/3399045f-8078-4066-8b46-475b49b260ab,práce s digitálními přístroji a aplikacemi
KnowledgeSkillCompetence,http://data.europa.eu/esco/skill/f4bcdb75-df28-441d-a52b-9730904f36a1,skill/competence,transversal,uplatňovat práva a povinnosti,released,,"Mít povědomí o ústavních a zákonných právech a uplatňovat je, například povinnost dodržovat zákony, platit daně, poskytnout pomoc, jakož i právo volit, být zvolen nebo právo na přítomnost obhájce u soudního řízení.
  ",http://data.europa.eu/esco/skill/d6e97b91-b75d-45f5-8566-667798957b0f,uplatňování občanských dovedností a schopností
KnowledgeSkillCompetence,http://data.europa.eu/esco/skill/fa46a48d-9cb9-422d-afab-1047654dbcdd,skill/competence,transversal,zapamatovat si informace,released,,"Uchovávat informace, jako jsou slova, čísla, obrázky a postupy pro pozdější vyhledání.",http://data.europa.eu/esco/skill/fff1d675-c36a-4c12-9cd4-407f21ccd06a,"zpracování informací, nápadů a koncepcí"
KnowledgeSkillCompetence,http://data.europa.eu/esco/skill/fd89f784-88dc-4d35-abd7-86aa073cab12,skill/competence,transversal,zachovat si otevřenou mysl,released,,"Zajímat se o problémy ostatních a být vůči nim otevřený.
  ",http://data.europa.eu/esco/skill/f5c9eef3-0495-4747-9519-d71a58d252bd,prokázat vůli učit se
